{
  "rlbench": {
    "action": {
      "mean": [
        0.0067924559116363525,
        0.04804982990026474,
        -0.05920519679784775,
        -0.478738933801651,
        0.07237134873867035,
        0.5059141516685486,
        0.6000000238418579
      ],
      "std": [
        0.04648352786898613,
        0.16822144389152527,
        0.17651446163654327,
        0.5808005928993225,
        0.09112853556871414,
        1.1025489568710327,
        0.4898979365825653
      ],
      "max": [
        0.07142220437526703,
        0.3079495131969452,
        0.10676372051239014,
        -4.6422977902693674e-05,
        0.2253177911043167,
        2.7066521644592285,
        1.0
      ],
      "min": [
        -0.07346569001674652,
        -0.22004146873950958,
        -0.39558959007263184,
        -1.3518463373184204,
        -0.0017947563901543617,
        -0.17844976484775543,
        0.0
      ],
      "q01": [
        -0.07034953713417053,
        -0.2105551105737686,
        -0.3818351745605469,
        -1.3378437948226929,
        -0.0017147427424788475,
        -0.17135049223899843,
        0.0
      ],
      "q99": [
        0.0693166160583496,
        0.29886465847492216,
        0.10456903457641602,
        -7.373629414360041e-05,
        0.22150059163570404,
        2.5984777069091796,
        1.0
      ],
      "mask": [
        true,
        true,
        true,
        true,
        true,
        true,
        false
      ]
    },
    "proprio": {
      "mean": [
        0.0,
        0.0,
        0.0,
        0.0,
        0.0,
        0.0,
        0.0
      ],
      "std": [
        0.0,
        0.0,
        0.0,
        0.0,
        0.0,
        0.0,
        0.0
      ],
      "max": [
        0.0,
        0.0,
        0.0,
        0.0,
        0.0,
        0.0,
        0.0
      ],
      "min": [
        0.0,
        0.0,
        0.0,
        0.0,
        0.0,
        0.0,
        0.0
      ],
      "q01": [
        0.0,
        0.0,
        0.0,
        0.0,
        0.0,
        0.0,
        0.0
      ],
      "q99": [
        0.0,
        0.0,
        0.0,
        0.0,
        0.0,
        0.0,
        0.0
      ]
    },
    "num_transitions": 5,
    "num_trajectories": 1
  }
}